timeStamp,elapsed,label,responseCode,responseMessage,threadName,dataType,success,failureMessage,bytes,sentBytes,grpThreads,allThreads,URL,Latency,IdleTime,Connect
1558302145769,1754,GoogleSearch,403,Forbidden,GoogleTG 1-1,text,false,,6523,0,1,1,https://www.google.com/search?q=James,1747,0,0
1558302147527,1164,GoogleSearch,403,Forbidden,GoogleTG 1-1,text,false,,6527,0,1,1,https://www.google.com/search?q=Josephine,1161,0,0
1558302148692,1165,GoogleSearch,403,Forbidden,GoogleTG 1-1,text,false,,6521,0,1,1,https://www.google.com/search?q=Art,1163,0,0
1558302149858,1163,GoogleSearch,403,Forbidden,GoogleTG 1-1,text,false,,6523,0,1,1,https://www.google.com/search?q=Lenna,1161,0,0
1558302151024,1154,GoogleSearch,403,Forbidden,GoogleTG 1-1,text,false,,6525,0,1,1,https://www.google.com/search?q=Donette,1149,0,0
1558302152179,1161,GoogleSearch,403,Forbidden,GoogleTG 1-1,text,false,,6524,0,1,1,https://www.google.com/search?q=Simona,1160,0,0
1558302153341,1159,GoogleSearch,403,Forbidden,GoogleTG 1-1,text,false,,6524,0,1,1,https://www.google.com/search?q=Mitsue,1155,0,0
1558302154501,1159,GoogleSearch,403,Forbidden,GoogleTG 1-1,text,false,,6523,0,1,1,https://www.google.com/search?q=Leota,1158,0,0
1558302155661,1165,GoogleSearch,403,Forbidden,GoogleTG 1-1,text,false,,6522,0,1,1,https://www.google.com/search?q=Sage,1163,0,0
1558302156827,1158,GoogleSearch,403,Forbidden,GoogleTG 1-1,text,false,,6522,0,1,1,https://www.google.com/search?q=Kris,1157,0,0
1558302157987,1156,GoogleSearch,403,Forbidden,GoogleTG 1-1,text,false,,6523,0,1,1,https://www.google.com/search?q=Minna,1155,0,0
1558302159144,1160,GoogleSearch,403,Forbidden,GoogleTG 1-1,text,false,,6522,0,1,1,https://www.google.com/search?q=Abel,1158,0,0
1558302160305,1157,GoogleSearch,403,Forbidden,GoogleTG 1-1,text,false,,6523,0,1,1,https://www.google.com/search?q=Kiley,1154,0,0
1558302161463,1156,GoogleSearch,403,Forbidden,GoogleTG 1-1,text,false,,6526,0,1,1,https://www.google.com/search?q=Graciela,1155,0,0
1558302162620,1160,GoogleSearch,403,Forbidden,GoogleTG 1-1,text,false,,6523,0,1,1,https://www.google.com/search?q=Cammy,1157,0,0
1558302163781,1177,GoogleSearch,403,Forbidden,GoogleTG 1-1,text,false,,6524,0,1,1,https://www.google.com/search?q=Mattie,1176,0,0
1558302164959,1159,GoogleSearch,403,Forbidden,GoogleTG 1-1,text,false,,6525,0,1,1,https://www.google.com/search?q=Meaghan,1156,0,0
1558302166119,1156,GoogleSearch,403,Forbidden,GoogleTG 1-1,text,false,,6524,0,1,1,https://www.google.com/search?q=Gladys,1154,0,0
1558302167276,1156,GoogleSearch,403,Forbidden,GoogleTG 1-1,text,false,,6522,0,1,1,https://www.google.com/search?q=Yuki,1155,0,0
1558302168433,1169,GoogleSearch,403,Forbidden,GoogleTG 1-1,text,false,,6525,0,1,1,https://www.google.com/search?q=Fletche,1167,0,0
1558302258489,1710,GoogleSearch,403,Forbidden,GoogleTG 1-1,text,false,,7151,0,1,1,https://www.google.com/search?q=James,542,0,0
1558302258489,542,GoogleSearch-0,301,Moved Permanently,GoogleTG 1-1,text,true,,628,0,1,1,https://google.com/search?q=James,542,0,0
1558302259033,1166,GoogleSearch-1,403,Forbidden,GoogleTG 1-1,text,false,,6523,0,1,1,https://www.google.com/search?q=James,1160,0,0
1558302260214,1156,GoogleSearch,403,Forbidden,GoogleTG 1-1,text,false,,7175,0,1,1,https://www.google.com/search?q=Josephine,47,0,0
1558302260214,47,GoogleSearch-0,301,Moved Permanently,GoogleTG 1-1,text,true,,636,0,1,1,https://google.com/search?q=Josephine,47,0,0
1558302260261,1109,GoogleSearch-1,403,Forbidden,GoogleTG 1-1,text,false,,6539,0,1,1,https://www.google.com/search?q=Josephine,1106,0,0
1558302261371,1241,GoogleSearch,403,Forbidden,GoogleTG 1-1,text,false,,7145,0,1,1,https://www.google.com/search?q=Art,130,0,0
1558302261371,130,GoogleSearch-0,301,Moved Permanently,GoogleTG 1-1,text,true,,624,0,1,1,https://google.com/search?q=Art,130,0,0
1558302261501,1111,GoogleSearch-1,403,Forbidden,GoogleTG 1-1,text,false,,6521,0,1,1,https://www.google.com/search?q=Art,1108,0,0
1558302262613,1151,GoogleSearch,403,Forbidden,GoogleTG 1-1,text,false,,7151,0,1,1,https://www.google.com/search?q=Lenna,47,0,0
1558302262613,47,GoogleSearch-0,301,Moved Permanently,GoogleTG 1-1,text,true,,628,0,1,1,https://google.com/search?q=Lenna,47,0,0
1558302262660,1104,GoogleSearch-1,403,Forbidden,GoogleTG 1-1,text,false,,6523,0,1,1,https://www.google.com/search?q=Lenna,1104,0,0
1558302263765,1148,GoogleSearch,403,Forbidden,GoogleTG 1-1,text,false,,7157,0,1,1,https://www.google.com/search?q=Donette,43,0,0
1558302263765,43,GoogleSearch-0,301,Moved Permanently,GoogleTG 1-1,text,true,,632,0,1,1,https://google.com/search?q=Donette,43,0,0
1558302263808,1105,GoogleSearch-1,403,Forbidden,GoogleTG 1-1,text,false,,6525,0,1,1,https://www.google.com/search?q=Donette,1104,0,0
1558302264914,1159,GoogleSearch,403,Forbidden,GoogleTG 1-1,text,false,,7154,0,1,1,https://www.google.com/search?q=Simona,50,0,0
1558302264914,50,GoogleSearch-0,301,Moved Permanently,GoogleTG 1-1,text,true,,630,0,1,1,https://google.com/search?q=Simona,50,0,0
1558302264964,1109,GoogleSearch-1,403,Forbidden,GoogleTG 1-1,text,false,,6524,0,1,1,https://www.google.com/search?q=Simona,1107,0,0
1558302266074,1157,GoogleSearch,403,Forbidden,GoogleTG 1-1,text,false,,7154,0,1,1,https://www.google.com/search?q=Mitsue,47,0,0
1558302266074,47,GoogleSearch-0,301,Moved Permanently,GoogleTG 1-1,text,true,,630,0,1,1,https://google.com/search?q=Mitsue,47,0,0
1558302266121,1110,GoogleSearch-1,403,Forbidden,GoogleTG 1-1,text,false,,6524,0,1,1,https://www.google.com/search?q=Mitsue,1109,0,0
1558302267232,1156,GoogleSearch,403,Forbidden,GoogleTG 1-1,text,false,,7151,0,1,1,https://www.google.com/search?q=Leota,48,0,0
1558302267232,48,GoogleSearch-0,301,Moved Permanently,GoogleTG 1-1,text,true,,628,0,1,1,https://google.com/search?q=Leota,48,0,0
1558302267280,1108,GoogleSearch-1,403,Forbidden,GoogleTG 1-1,text,false,,6523,0,1,1,https://www.google.com/search?q=Leota,1106,0,0
1558302268389,1163,GoogleSearch,403,Forbidden,GoogleTG 1-1,text,false,,7148,0,1,1,https://www.google.com/search?q=Sage,48,0,0
1558302268389,48,GoogleSearch-0,301,Moved Permanently,GoogleTG 1-1,text,true,,626,0,1,1,https://google.com/search?q=Sage,48,0,0
1558302268437,1115,GoogleSearch-1,403,Forbidden,GoogleTG 1-1,text,false,,6522,0,1,1,https://www.google.com/search?q=Sage,1112,0,0
1558302269552,1153,GoogleSearch,403,Forbidden,GoogleTG 1-1,text,false,,7148,0,1,1,https://www.google.com/search?q=Kris,43,0,0
1558302269552,43,GoogleSearch-0,301,Moved Permanently,GoogleTG 1-1,text,true,,626,0,1,1,https://google.com/search?q=Kris,43,0,0
1558302269596,1109,GoogleSearch-1,403,Forbidden,GoogleTG 1-1,text,false,,6522,0,1,1,https://www.google.com/search?q=Kris,1107,0,0
1558302270710,1154,GoogleSearch,403,Forbidden,GoogleTG 1-1,text,false,,7151,0,1,1,https://www.google.com/search?q=Minna,38,0,0
1558302270710,38,GoogleSearch-0,301,Moved Permanently,GoogleTG 1-1,text,true,,628,0,1,1,https://google.com/search?q=Minna,38,0,0
1558302270748,1116,GoogleSearch-1,403,Forbidden,GoogleTG 1-1,text,false,,6523,0,1,1,https://www.google.com/search?q=Minna,1112,0,0
1558302271865,1172,GoogleSearch,403,Forbidden,GoogleTG 1-1,text,false,,7148,0,1,1,https://www.google.com/search?q=Abel,64,0,0
1558302271865,64,GoogleSearch-0,301,Moved Permanently,GoogleTG 1-1,text,true,,626,0,1,1,https://google.com/search?q=Abel,64,0,0
1558302271930,1107,GoogleSearch-1,403,Forbidden,GoogleTG 1-1,text,false,,6522,0,1,1,https://www.google.com/search?q=Abel,1104,0,0
1558302273038,1162,GoogleSearch,403,Forbidden,GoogleTG 1-1,text,false,,7151,0,1,1,https://www.google.com/search?q=Kiley,48,0,0
1558302273038,48,GoogleSearch-0,301,Moved Permanently,GoogleTG 1-1,text,true,,628,0,1,1,https://google.com/search?q=Kiley,48,0,0
1558302273086,1114,GoogleSearch-1,403,Forbidden,GoogleTG 1-1,text,false,,6523,0,1,1,https://www.google.com/search?q=Kiley,1111,0,0
1558302274201,1162,GoogleSearch,403,Forbidden,GoogleTG 1-1,text,false,,7160,0,1,1,https://www.google.com/search?q=Graciela,49,0,0
1558302274201,49,GoogleSearch-0,301,Moved Permanently,GoogleTG 1-1,text,true,,634,0,1,1,https://google.com/search?q=Graciela,49,0,0
1558302274250,1113,GoogleSearch-1,403,Forbidden,GoogleTG 1-1,text,false,,6526,0,1,1,https://www.google.com/search?q=Graciela,1110,0,0
1558302275364,1156,GoogleSearch,403,Forbidden,GoogleTG 1-1,text,false,,7151,0,1,1,https://www.google.com/search?q=Cammy,42,0,0
1558302275364,42,GoogleSearch-0,301,Moved Permanently,GoogleTG 1-1,text,true,,628,0,1,1,https://google.com/search?q=Cammy,42,0,0
1558302275406,1114,GoogleSearch-1,403,Forbidden,GoogleTG 1-1,text,false,,6523,0,1,1,https://www.google.com/search?q=Cammy,1111,0,0
1558302276521,1161,GoogleSearch,403,Forbidden,GoogleTG 1-1,text,false,,7154,0,1,1,https://www.google.com/search?q=Mattie,46,0,0
1558302276521,46,GoogleSearch-0,301,Moved Permanently,GoogleTG 1-1,text,true,,630,0,1,1,https://google.com/search?q=Mattie,46,0,0
1558302276567,1115,GoogleSearch-1,403,Forbidden,GoogleTG 1-1,text,false,,6524,0,1,1,https://www.google.com/search?q=Mattie,1113,0,0
1558302277683,1160,GoogleSearch,403,Forbidden,GoogleTG 1-1,text,false,,7157,0,1,1,https://www.google.com/search?q=Meaghan,47,0,0
1558302277683,47,GoogleSearch-0,301,Moved Permanently,GoogleTG 1-1,text,true,,632,0,1,1,https://google.com/search?q=Meaghan,47,0,0
1558302277730,1113,GoogleSearch-1,403,Forbidden,GoogleTG 1-1,text,false,,6525,0,1,1,https://www.google.com/search?q=Meaghan,1110,0,0
1558302278844,1154,GoogleSearch,403,Forbidden,GoogleTG 1-1,text,false,,7154,0,1,1,https://www.google.com/search?q=Gladys,45,0,0
1558302278844,45,GoogleSearch-0,301,Moved Permanently,GoogleTG 1-1,text,true,,630,0,1,1,https://google.com/search?q=Gladys,45,0,0
1558302278889,1109,GoogleSearch-1,403,Forbidden,GoogleTG 1-1,text,false,,6524,0,1,1,https://www.google.com/search?q=Gladys,1108,0,0
1558302279999,1160,GoogleSearch,403,Forbidden,GoogleTG 1-1,text,false,,7148,0,1,1,https://www.google.com/search?q=Yuki,41,0,0
1558302279999,41,GoogleSearch-0,301,Moved Permanently,GoogleTG 1-1,text,true,,626,0,1,1,https://google.com/search?q=Yuki,41,0,0
1558302280040,1119,GoogleSearch-1,403,Forbidden,GoogleTG 1-1,text,false,,6522,0,1,1,https://www.google.com/search?q=Yuki,1116,0,0
1558302281160,1146,GoogleSearch,403,Forbidden,GoogleTG 1-1,text,false,,7157,0,1,1,https://www.google.com/search?q=Fletche,36,0,0
1558302281160,36,GoogleSearch-0,301,Moved Permanently,GoogleTG 1-1,text,true,,632,0,1,1,https://google.com/search?q=Fletche,36,0,0
1558302281196,1110,GoogleSearch-1,403,Forbidden,GoogleTG 1-1,text,false,,6525,0,1,1,https://www.google.com/search?q=Fletche,1109,0,0
